[{"koubei_con": [], "koubei_rival": "", "font_score": "", "sid": "2094"},
{"koubei_con": [], "koubei_rival": "", "font_score": "", "sid": "2082"},
{"koubei_con": [], "koubei_rival": "", "font_score": "", "sid": "3345"},
{"koubei_con": [], "koubei_rival": "", "font_score": "", "sid": "955"},
{"koubei_con": [], "koubei_rival": "", "font_score": "", "sid": "2355"},
{"koubei_con": [{"\u7a7a\u95f4\uff1a": "4.78\u5206 \u7b2c2\u540d"}, {"\u52a8\u529b\uff1a": "4.23\u5206 \u7b2c4\u540d"}, {"\u64cd\u63a7\uff1a": "4.87\u5206 \u7b2c2\u540d"}, {"\u6cb9\u8017\uff1a": "4.25\u5206 \u7b2c3\u540d"}, {"\u8212\u9002\u6027\uff1a": "4.41\u5206 \u7b2c3\u540d"}, {"\u5916\u89c2\uff1a": "4.79\u5206 \u7b2c2\u540d"}, {"\u5185\u9970\uff1a": "4.65\u5206 \u7b2c2\u540d"}, {"\u6027\u4ef7\u6bd4\uff1a": "4.82\u5206 \u7b2c3\u540d"}], "koubei_rival": "\u4f20\u797aGA6 4.84\u5206\n \u79e6 4.62\u5206\n \u4f20\u797aGA5 4.60\u5206\n \u5954\u817eB70 4.51\u5206\n \u54c8\u5f17H6 4.48\u5206\n ", "font_score": "4.60", "sid": "2141"},
{"koubei_con": [{"\u7a7a\u95f4\uff1a": "4.95\u5206 \u7b2c2\u540d"}, {"\u52a8\u529b\uff1a": "4.71\u5206 \u7b2c3\u540d"}, {"\u64cd\u63a7\uff1a": "4.90\u5206 \u7b2c2\u540d"}, {"\u6cb9\u8017\uff1a": "4.48\u5206 \u7b2c1\u540d"}, {"\u8212\u9002\u6027\uff1a": "4.68\u5206 \u7b2c1\u540d"}, {"\u5916\u89c2\uff1a": "4.78\u5206 \u7b2c1\u540d"}, {"\u5185\u9970\uff1a": "4.62\u5206 \u7b2c1\u540d"}, {"\u6027\u4ef7\u6bd4\uff1a": "4.73\u5206 \u7b2c2\u540d"}], "koubei_rival": "\u4f20\u797aGS5\u901f\u535a 4.73\u5206\n \u957f\u5b89CS75 4.67\u5206\n \u4f20\u797aGS5 4.43\u5206\n \u5954\u817eX80 4.40\u5206\n \u7ffc\u864e 4.37\u5206\n ", "font_score": "4.73", "sid": "3574"},
{"koubei_con": [{"\u7a7a\u95f4\uff1a": "4.93\u5206 \u7b2c1\u540d"}, {"\u52a8\u529b\uff1a": "4.25\u5206 \u7b2c3\u540d"}, {"\u64cd\u63a7\uff1a": "4.91\u5206 \u7b2c2\u540d"}, {"\u6cb9\u8017\uff1a": "4.46\u5206 \u7b2c2\u540d"}, {"\u8212\u9002\u6027\uff1a": "4.70\u5206 \u7b2c1\u540d"}, {"\u5916\u89c2\uff1a": "4.90\u5206 \u7b2c2\u540d"}, {"\u5185\u9970\uff1a": "4.54\u5206 \u7b2c2\u540d"}, {"\u6027\u4ef7\u6bd4\uff1a": "4.84\u5206 \u7b2c2\u540d"}], "koubei_rival": "\u60a6\u7fd4V7 4.73\u5206\n \u4f20\u797aGA3S\u89c6\u754c 4.69\u5206\n \u5e1d\u8c6a 4.43\u5206\n \u9038\u52a8 4.26\u5206\n \u4f20\u797aGA3 4.19\u5206\n ", "font_score": "4.69", "sid": "3524"},
{"koubei_con": [{"\u7a7a\u95f4\uff1a": "4.75\u5206 \u7b2c5\u540d"}, {"\u52a8\u529b\uff1a": "4.75\u5206 \u7b2c1\u540d"}, {"\u64cd\u63a7\uff1a": "5.00\u5206 \u7b2c1\u540d"}, {"\u6cb9\u8017\uff1a": "5.00\u5206 \u7b2c1\u540d"}, {"\u8212\u9002\u6027\uff1a": "4.50\u5206 \u7b2c2\u540d"}, {"\u5916\u89c2\uff1a": "5.00\u5206 \u7b2c1\u540d"}, {"\u5185\u9970\uff1a": "4.75\u5206 \u7b2c1\u540d"}, {"\u6027\u4ef7\u6bd4\uff1a": "5.00\u5206 \u7b2c1\u540d"}], "koubei_rival": "\u4f20\u797aGA6 4.84\u5206\n \u4f20\u797aGA5 4.60\u5206\n \u5954\u817eB70 4.51\u5206\n \u540d\u56fe 4.49\u5206\n \u777f\u9a8b 4.45\u5206\n ", "font_score": "4.84", "sid": "3349"},
{"koubei_con": [{"\u7a7a\u95f4\uff1a": "4.72\u5206 \u7b2c2\u540d"}, {"\u52a8\u529b\uff1a": "3.72\u5206 \u7b2c5\u540d"}, {"\u64cd\u63a7\uff1a": "4.73\u5206 \u7b2c3\u540d"}, {"\u6cb9\u8017\uff1a": "3.91\u5206 \u7b2c4\u540d"}, {"\u8212\u9002\u6027\uff1a": "3.79\u5206 \u7b2c5\u540d"}, {"\u5916\u89c2\uff1a": "4.48\u5206 \u7b2c5\u540d"}, {"\u5185\u9970\uff1a": "3.85\u5206 \u7b2c5\u540d"}, {"\u6027\u4ef7\u6bd4\uff1a": "4.35\u5206 \u7b2c5\u540d"}], "koubei_rival": "\u60a6\u7fd4V7 4.73\u5206\n \u4f20\u797aGA3S\u89c6\u754c 4.69\u5206\n \u5e1d\u8c6a 4.43\u5206\n \u9038\u52a8 4.26\u5206\n \u4f20\u797aGA3 4.19\u5206\n ", "font_score": "4.19", "sid": "3069"},
{"koubei_con": [{"\u7a7a\u95f4\uff1a": "4.75\u5206 \u7b2c5\u540d"}, {"\u52a8\u529b\uff1a": "3.99\u5206 \u7b2c5\u540d"}, {"\u64cd\u63a7\uff1a": "4.71\u5206 \u7b2c3\u540d"}, {"\u6cb9\u8017\uff1a": "3.79\u5206 \u7b2c5\u540d"}, {"\u8212\u9002\u6027\uff1a": "4.43\u5206 \u7b2c3\u540d"}, {"\u5916\u89c2\uff1a": "4.66\u5206 \u7b2c4\u540d"}, {"\u5185\u9970\uff1a": "4.59\u5206 \u7b2c2\u540d"}, {"\u6027\u4ef7\u6bd4\uff1a": "4.52\u5206 \u7b2c4\u540d"}], "koubei_rival": "\u4f20\u797aGS5\u901f\u535a 4.73\u5206\n \u957f\u5b89CS75 4.67\u5206\n \u54c8\u5f17H6 4.48\u5206\n \u4f20\u797aGS5 4.43\u5206\n \u5954\u817eX80 4.40\u5206\n ", "font_score": "4.43", "sid": "2560"},
{"koubei_con": [], "koubei_rival": "", "font_score": "", "sid": "3691"},
{"koubei_con": [], "koubei_rival": "", "font_score": "", "sid": "603"},
{"koubei_con": [{"\u7a7a\u95f4\uff1a": "5.00\u5206 \u7b2c2\u540d"}, {"\u52a8\u529b\uff1a": "3.72\u5206 \u7b2c5\u540d"}, {"\u64cd\u63a7\uff1a": "4.44\u5206 \u7b2c3\u540d"}, {"\u6cb9\u8017\uff1a": "4.33\u5206 \u7b2c4\u540d"}, {"\u8212\u9002\u6027\uff1a": "4.06\u5206 \u7b2c3\u540d"}, {"\u5916\u89c2\uff1a": "4.33\u5206 \u7b2c3\u540d"}, {"\u5185\u9970\uff1a": "4.00\u5206 \u7b2c3\u540d"}, {"\u6027\u4ef7\u6bd4\uff1a": "4.72\u5206 \u7b2c3\u540d"}], "koubei_rival": "\u5e7f\u6c7d\u5409\u5965GX6 4.88\u5206\n \u957f\u5b89CS75 4.67\u5206\n \u5965\u8f69GX5 4.33\u5206\n \u9646\u98ceX8 4.23\u5206\n \u5723\u8fbe\u83f2 4.10\u5206\n ", "font_score": "4.33", "sid": "2774"},
{"koubei_con": [], "koubei_rival": "", "font_score": "", "sid": "980"},
{"koubei_con": [], "koubei_rival": "", "font_score": "3.69", "sid": "2488"},
{"koubei_con": [], "koubei_rival": "", "font_score": "", "sid": "3272"},
{"koubei_con": [], "koubei_rival": "", "font_score": "", "sid": "2568"},
{"koubei_con": [], "koubei_rival": "", "font_score": "4.13", "sid": "2599"},
{"koubei_con": [{"\u7a7a\u95f4\uff1a": "5.00\u5206 \u7b2c1\u540d"}, {"\u52a8\u529b\uff1a": "5.00\u5206 \u7b2c1\u540d"}, {"\u64cd\u63a7\uff1a": "5.00\u5206 \u7b2c1\u540d"}, {"\u6cb9\u8017\uff1a": "5.00\u5206 \u7b2c1\u540d"}, {"\u8212\u9002\u6027\uff1a": "5.00\u5206 \u7b2c1\u540d"}, {"\u5916\u89c2\uff1a": "5.00\u5206 \u7b2c1\u540d"}, {"\u5185\u9970\uff1a": "4.00\u5206 \u7b2c4\u540d"}, {"\u6027\u4ef7\u6bd4\uff1a": "5.00\u5206 \u7b2c1\u540d"}], "koubei_rival": "\u5e7f\u6c7d\u5409\u5965GX6 4.88\u5206\n \u6bd4\u4e9a\u8feaS7 4.76\u5206\n \u957f\u5b89CS75 4.67\u5206\n \u4f17\u6cf0T600 4.66\u5206\n \u54c8\u5f17H5 4.22\u5206\n ", "font_score": "4.88", "sid": "3477"},
{"koubei_con": [], "koubei_rival": "", "font_score": "", "sid": "2571"},
{"koubei_con": [], "koubei_rival": "", "font_score": "", "sid": "3498"},
{"koubei_con": [{"\u7a7a\u95f4\uff1a": "4.67\u5206 \u7b2c5\u540d"}, {"\u52a8\u529b\uff1a": "3.75\u5206 \u7b2c3\u540d"}, {"\u64cd\u63a7\uff1a": "3.96\u5206 \u7b2c5\u540d"}, {"\u6cb9\u8017\uff1a": "4.17\u5206 \u7b2c3\u540d"}, {"\u8212\u9002\u6027\uff1a": "3.54\u5206 \u7b2c3\u540d"}, {"\u5916\u89c2\uff1a": "4.46\u5206 \u7b2c3\u540d"}, {"\u5185\u9970\uff1a": "3.38\u5206 \u7b2c4\u540d"}, {"\u6027\u4ef7\u6bd4\uff1a": "4.33\u5206 \u7b2c3\u540d"}], "koubei_rival": "\u5f00\u745eK50 4.57\u5206\n \u5b9d\u9a8f730 4.49\u5206\n \u661f\u6717 4.03\u5206\n \u65e5\u4ea7NV200 3.92\u5206\n \u83f1\u667a 3.88\u5206\n ", "font_score": "4.03", "sid": "3134"},
{"koubei_con": [], "koubei_rival": "", "font_score": "", "sid": "2306"},
{"koubei_con": [], "koubei_rival": "", "font_score": "", "sid": "1015"},
{"koubei_con": [], "koubei_rival": "", "font_score": "", "sid": "2114"},
{"koubei_con": [], "koubei_rival": "", "font_score": "", "sid": "864"},
{"koubei_con": [{"\u7a7a\u95f4\uff1a": "4.94\u5206 \u7b2c2\u540d"}, {"\u52a8\u529b\uff1a": "4.44\u5206 \u7b2c2\u540d"}, {"\u64cd\u63a7\uff1a": "4.85\u5206 \u7b2c3\u540d"}, {"\u6cb9\u8017\uff1a": "4.64\u5206 \u7b2c3\u540d"}, {"\u8212\u9002\u6027\uff1a": "4.72\u5206 \u7b2c1\u540d"}, {"\u5916\u89c2\uff1a": "4.97\u5206 \u7b2c1\u540d"}, {"\u5185\u9970\uff1a": "4.83\u5206 \u7b2c1\u540d"}, {"\u6027\u4ef7\u6bd4\uff1a": "4.45\u5206 \u7b2c2\u540d"}], "koubei_rival": "\u89c2\u81f43 4.73\u5206\n \u6807\u81f4408 4.67\u5206\n \u9ad8\u5c14\u592b 4.41\u5206\n \u9a6c\u81ea\u8fbe3 ... 4.40\u5206\n \u798f\u514b\u65af 4.21\u5206\n ", "font_score": "4.73", "sid": "2974"},
{"koubei_con": [], "koubei_rival": "", "font_score": "", "sid": "3480"},
{"koubei_con": [], "koubei_rival": "", "font_score": "", "sid": "2885"}][{"koubei_con": [], "koubei_rival": "", "font_score": "", "sid": "2093"},
{"koubei_con": [], "koubei_rival": "", "font_score": "", "sid": "2094"},
{"koubei_con": [], "koubei_rival": "", "font_score": "", "sid": "3345"},
{"koubei_con": [], "koubei_rival": "", "font_score": "", "sid": "955"},
{"koubei_con": [{"\u7a7a\u95f4\uff1a": "4.93\u5206 \u7b2c1\u540d"}, {"\u52a8\u529b\uff1a": "4.25\u5206 \u7b2c3\u540d"}, {"\u64cd\u63a7\uff1a": "4.91\u5206 \u7b2c2\u540d"}, {"\u6cb9\u8017\uff1a": "4.46\u5206 \u7b2c2\u540d"}, {"\u8212\u9002\u6027\uff1a": "4.70\u5206 \u7b2c1\u540d"}, {"\u5916\u89c2\uff1a": "4.90\u5206 \u7b2c2\u540d"}, {"\u5185\u9970\uff1a": "4.54\u5206 \u7b2c2\u540d"}, {"\u6027\u4ef7\u6bd4\uff1a": "4.84\u5206 \u7b2c2\u540d"}], "koubei_rival": "\u60a6\u7fd4V7 4.73\u5206\n \u4f20\u797aGA3S\u89c6\u754c 4.69\u5206\n \u5e1d\u8c6a 4.43\u5206\n \u9038\u52a8 4.26\u5206\n \u4f20\u797aGA3 4.19\u5206\n ", "font_score": "4.69", "sid": "3524"},
{"koubei_con": [], "koubei_rival": "", "font_score": "", "sid": "980"},
{"koubei_con": [{"\u7a7a\u95f4\uff1a": "4.72\u5206 \u7b2c2\u540d"}, {"\u52a8\u529b\uff1a": "3.72\u5206 \u7b2c5\u540d"}, {"\u64cd\u63a7\uff1a": "4.73\u5206 \u7b2c3\u540d"}, {"\u6cb9\u8017\uff1a": "3.91\u5206 \u7b2c4\u540d"}, {"\u8212\u9002\u6027\uff1a": "3.79\u5206 \u7b2c5\u540d"}, {"\u5916\u89c2\uff1a": "4.48\u5206 \u7b2c5\u540d"}, {"\u5185\u9970\uff1a": "3.85\u5206 \u7b2c5\u540d"}, {"\u6027\u4ef7\u6bd4\uff1a": "4.35\u5206 \u7b2c5\u540d"}], "koubei_rival": "\u60a6\u7fd4V7 4.73\u5206\n \u4f20\u797aGA3S\u89c6\u754c 4.69\u5206\n \u5e1d\u8c6a 4.43\u5206\n \u9038\u52a8 4.26\u5206\n \u4f20\u797aGA3 4.19\u5206\n ", "font_score": "4.19", "sid": "3069"},
{"koubei_con": [{"\u7a7a\u95f4\uff1a": "4.75\u5206 \u7b2c5\u540d"}, {"\u52a8\u529b\uff1a": "4.75\u5206 \u7b2c1\u540d"}, {"\u64cd\u63a7\uff1a": "5.00\u5206 \u7b2c1\u540d"}, {"\u6cb9\u8017\uff1a": "5.00\u5206 \u7b2c1\u540d"}, {"\u8212\u9002\u6027\uff1a": "4.50\u5206 \u7b2c2\u540d"}, {"\u5916\u89c2\uff1a": "5.00\u5206 \u7b2c1\u540d"}, {"\u5185\u9970\uff1a": "4.75\u5206 \u7b2c1\u540d"}, {"\u6027\u4ef7\u6bd4\uff1a": "5.00\u5206 \u7b2c1\u540d"}], "koubei_rival": "\u4f20\u797aGA6 4.84\u5206\n \u4f20\u797aGA5 4.60\u5206\n \u5954\u817eB70 4.51\u5206\n \u540d\u56fe 4.49\u5206\n \u777f\u9a8b 4.45\u5206\n ", "font_score": "4.84", "sid": "3349"},
{"koubei_con": [], "koubei_rival": "", "font_score": "", "sid": "3498"},
{"koubei_con": [{"\u7a7a\u95f4\uff1a": "4.95\u5206 \u7b2c2\u540d"}, {"\u52a8\u529b\uff1a": "4.71\u5206 \u7b2c3\u540d"}, {"\u64cd\u63a7\uff1a": "4.90\u5206 \u7b2c2\u540d"}, {"\u6cb9\u8017\uff1a": "4.48\u5206 \u7b2c1\u540d"}, {"\u8212\u9002\u6027\uff1a": "4.68\u5206 \u7b2c1\u540d"}, {"\u5916\u89c2\uff1a": "4.78\u5206 \u7b2c1\u540d"}, {"\u5185\u9970\uff1a": "4.62\u5206 \u7b2c1\u540d"}, {"\u6027\u4ef7\u6bd4\uff1a": "4.73\u5206 \u7b2c2\u540d"}], "koubei_rival": "\u4f20\u797aGS5\u901f\u535a 4.73\u5206\n \u957f\u5b89CS75 4.67\u5206\n \u4f20\u797aGS5 4.43\u5206\n \u5954\u817eX80 4.40\u5206\n \u7ffc\u864e 4.37\u5206\n ", "font_score": "4.73", "sid": "3574"},
{"koubei_con": [{"\u7a7a\u95f4\uff1a": "4.78\u5206 \u7b2c2\u540d"}, {"\u52a8\u529b\uff1a": "4.23\u5206 \u7b2c4\u540d"}, {"\u64cd\u63a7\uff1a": "4.87\u5206 \u7b2c2\u540d"}, {"\u6cb9\u8017\uff1a": "4.25\u5206 \u7b2c3\u540d"}, {"\u8212\u9002\u6027\uff1a": "4.41\u5206 \u7b2c3\u540d"}, {"\u5916\u89c2\uff1a": "4.79\u5206 \u7b2c2\u540d"}, {"\u5185\u9970\uff1a": "4.65\u5206 \u7b2c2\u540d"}, {"\u6027\u4ef7\u6bd4\uff1a": "4.82\u5206 \u7b2c3\u540d"}], "koubei_rival": "\u4f20\u797aGA6 4.84\u5206\n \u79e6 4.62\u5206\n \u4f20\u797aGA5 4.60\u5206\n \u5954\u817eB70 4.51\u5206\n \u54c8\u5f17H6 4.48\u5206\n ", "font_score": "4.60", "sid": "2141"},
{"koubei_con": [], "koubei_rival": "", "font_score": "", "sid": "603"},
{"koubei_con": [], "koubei_rival": "", "font_score": "", "sid": "3272"},
{"koubei_con": [], "koubei_rival": "", "font_score": "", "sid": "3691"}]